date,time,profile_name,tutorial_entered_at,play_entered_at,play_ended_at,total_game_time_s,score_a,score_b,a_joint1_distance_rad,a_joint2_distance_rad,a_joint3_distance_rad,a_joint4_distance_rad,a_joint5_distance_rad,a_joint6_distance_rad,b_joint1_distance_rad,b_joint2_distance_rad,b_joint3_distance_rad,b_joint4_distance_rad,b_joint5_distance_rad,b_joint6_distance_rad
2026-07-08,12-29-19,two_teams,2026-07-08T12:29:19.286624+08:00,2026-07-08T12:29:19.819877+08:00,2026-07-08T12:34:28.314814+08:00,309.028,308,52,10.009943,15.163501,23.888104,47.027461,9.537439,4.800468,2.448618,0.378298,0.446363,0.341273,0.394277,0.245223
2026-07-08,12-42-44,two_teams,2026-07-08T12:42:44.009932+08:00,2026-07-08T12:42:46.077913+08:00,2026-07-08T12:47:46.313802+08:00,302.304,45,459,0.352283,0.268853,0.265991,0.287500,0.289938,0.213328,4.014281,15.968725,21.960220,49.312459,3.596318,3.441039
2026-07-08,13-25-59,two_teams,2026-07-08T13:25:59.634594+08:00,2026-07-08T13:26:01.184631+08:00,2026-07-08T13:26:34.685888+08:00,35.051,0,0,1.547134,0.953540,0.752134,1.674293,2.970655,0.025178,0.032757,0.037660,0.036319,0.034304,0.044060,0.027383
2026-07-08,13-27-40,two_teams,2026-07-08T13:27:40.186368+08:00,2026-07-08T13:29:10.203562+08:00,2026-07-08T13:34:10.287290+08:00,390.101,13,72,7.458018,7.205513,13.238663,11.463073,8.591582,4.609473,4.693820,5.251681,4.969895,11.631833,8.288462,14.620651
2026-07-08,13-35-14,two_teams,2026-07-08T13:35:14.936978+08:00,2026-07-08T13:36:44.963511+08:00,2026-07-08T13:37:02.325757+08:00,107.389,0,0,0.335765,0.111089,0.111621,0.136483,0.116355,0.078722,0.113768,0.123399,0.126665,0.120186,0.157681,0.106555
2026-07-08,13-38-14,two_teams,2026-07-08T13:38:14.179473+08:00,2026-07-08T13:38:15.446444+08:00,2026-07-08T13:38:17.756362+08:00,3.577,0,0,0.004269,0.004142,0.004744,0.003873,0.008505,0.004964,0.003518,0.004633,0.006896,0.004144,0.019853,0.008949
2026-07-08,13-42-06,two_teams,2026-07-08T13:42:06.655274+08:00,2026-07-08T13:42:08.755927+08:00,2026-07-08T13:42:30.815888+08:00,24.161,0,0,0.031654,0.023746,0.031004,0.025989,0.037528,0.023781,0.026048,0.026792,0.036769,0.027485,0.048545,0.027305
2026-07-08,13-43-16,two_teams,2026-07-08T13:43:16.640088+08:00,2026-07-08T13:44:46.657981+08:00,2026-07-08T13:49:46.767653+08:00,390.128,96,43,13.287127,12.518657,12.958295,23.325736,6.200818,4.869700,10.082326,9.570194,5.908839,28.226650,6.305898,12.273183
2026-07-08,13-52-56,two_teams,2026-07-08T13:52:56.168485+08:00,2026-07-08T13:54:26.177192+08:00,2026-07-08T13:59:26.293975+08:00,390.125,177,124,11.138943,11.078524,5.529813,10.589154,6.063403,6.791500,5.423341,5.545491,6.214921,14.289963,8.138270,15.840715
2026-07-08,14-01-38,two_teams,2026-07-08T14:01:38.682026+08:00,2026-07-08T14:03:08.707061+08:00,2026-07-08T14:08:08.804127+08:00,390.122,19,148,5.741762,3.318348,11.081779,6.189178,5.664019,5.350450,7.832921,14.334751,11.495960,6.439973,16.317522,21.224109
2026-07-08,14-09-13,two_teams,2026-07-08T14:09:13.802761+08:00,2026-07-08T14:10:19.247167+08:00,2026-07-08T14:15:19.375658+08:00,365.573,75,15,5.994277,4.342263,7.908668,10.549213,4.608932,4.232064,4.172914,4.191923,6.347241,10.345892,9.249295,13.286302
2026-07-08,14-22-07,two_teams,2026-07-08T14:22:07.089429+08:00,2026-07-08T14:23:37.096080+08:00,2026-07-08T14:28:37.188527+08:00,390.099,165,9,12.029693,12.762778,16.420301,29.144093,27.461205,14.685683,15.718438,8.165340,1.669743,2.192574,3.767736,4.466305
2026-07-08,14-32-51,two_teams,2026-07-08T14:32:51.218811+08:00,2026-07-08T14:34:21.243584+08:00,2026-07-08T14:39:21.337052+08:00,390.118,15,99,2.975229,4.371991,4.712093,3.038440,10.694348,9.565435,6.045369,7.350961,6.860966,12.191142,14.866486,5.920074
2026-07-08,14-40-41,two_teams,2026-07-08T14:40:41.739156+08:00,2026-07-08T14:42:11.763760+08:00,2026-07-08T14:47:11.858845+08:00,390.120,4,24,2.559101,0.417231,0.394711,0.399255,0.383264,0.275031,7.228359,5.110548,3.945897,8.571012,5.556508,4.885928
2026-07-08,15-10-58,two_teams,2026-07-08T15:10:58.363208+08:00,2026-07-08T15:12:28.372949+08:00,2026-07-08T15:27:34.872783+08:00,996.510,28,112,2.199355,4.900027,2.193940,2.748858,4.212381,3.960733,8.198806,10.350848,19.152912,18.030079,5.091819,5.162874
2026-07-08,15-30-53,two_teams,2026-07-08T15:30:53.555025+08:00,2026-07-08T15:32:23.563168+08:00,2026-07-08T15:37:23.643701+08:00,390.089,7,0,15.215491,17.147062,7.292446,21.253338,17.071177,18.402331,3.928022,4.529414,12.057453,6.231960,14.831898,17.935480
2026-07-08,15-38-27,two_teams,2026-07-08T15:38:27.432671+08:00,2026-07-08T15:39:57.458837+08:00,2026-07-08T15:44:57.587585+08:00,390.155,180,81,22.941727,20.488828,13.326112,31.108926,17.246827,9.249739,8.866675,19.536281,18.214282,12.238221,10.915242,36.605602
2026-07-08,15-46-07,two_teams,2026-07-08T15:46:07.786174+08:00,2026-07-08T15:47:37.811720+08:00,2026-07-08T15:52:37.886333+08:00,390.100,105,502,0.502275,0.362629,0.357420,0.394913,0.391560,0.285696,5.911858,5.530074,5.185835,7.287469,5.209879,6.320096
2026-07-08,15-53-43,two_teams,2026-07-08T15:53:43.647012+08:00,2026-07-08T15:55:13.656923+08:00,2026-07-08T16:00:13.773013+08:00,390.126,44,127,1.481097,1.301120,0.991079,1.875223,4.066852,3.425178,2.554336,2.062452,1.915187,3.020342,4.833556,5.140992
2026-07-08,16-04-13,two_teams,2026-07-08T16:04:13.265000+08:00,2026-07-08T16:05:43.279274+08:00,2026-07-08T16:10:43.527675+08:00,390.263,6,0,2.580949,2.140232,1.170772,0.505690,0.405952,0.287187,2.228963,1.370332,1.062125,1.874344,1.277084,0.340362
2026-07-08,16-11-38,two_teams,2026-07-08T16:11:38.194244+08:00,2026-07-08T16:13:08.222947+08:00,2026-07-08T16:18:08.326155+08:00,390.132,5,0,1.856681,1.346371,1.109857,1.864879,3.522438,4.276470,0.404791,0.425152,0.406151,0.420087,0.499654,0.313871
2026-07-08,16-19-29,two_teams,2026-07-08T16:19:29.525357+08:00,2026-07-08T16:20:15.670748+08:00,2026-07-08T16:25:15.793912+08:00,346.269,21,57,5.594247,6.894600,8.534763,2.184670,10.630233,6.946810,8.965913,10.824354,12.777950,13.726002,24.202676,15.742348
2026-07-08,16-30-47,two_teams,2026-07-08T16:30:47.804899+08:00,2026-07-08T16:32:17.829899+08:00,2026-07-08T16:37:17.991348+08:00,390.186,83,22,3.208642,6.369584,6.336476,10.328759,7.382584,12.551012,5.582381,9.250278,9.145256,18.561696,21.295208,27.437099
2026-07-08,16-38-14,two_teams,2026-07-08T16:38:14.598458+08:00,2026-07-08T16:39:44.624187+08:00,2026-07-08T16:45:01.636676+08:00,407.038,76,75,4.040707,8.040409,10.062703,9.942627,18.310594,25.739549,22.132724,9.932816,8.039025,4.843032,16.808635,15.174637
2026-07-08,16-46-53,two_teams,2026-07-08T16:46:53.425427+08:00,2026-07-08T16:48:23.434959+08:00,2026-07-08T16:53:23.570648+08:00,390.145,16,9,4.030075,5.424904,4.178860,13.043820,16.287438,32.594445,4.704124,6.075896,7.120890,11.105726,7.282095,11.291645
2026-07-08,16-54-21,two_teams,2026-07-08T16:54:21.904422+08:00,2026-07-08T16:55:51.931673+08:00,2026-07-08T17:00:52.055272+08:00,390.151,66,0,7.020076,6.635491,8.566083,15.783856,13.593198,13.205499,1.674567,1.928454,0.519602,0.468441,0.512316,0.310885
2026-07-08,17-05-31,two_teams,2026-07-08T17:05:31.319610+08:00,2026-07-08T17:07:01.329834+08:00,2026-07-08T17:12:01.493283+08:00,390.174,12,73,6.499845,10.651228,11.632584,9.379348,21.604423,20.730228,6.741539,5.229209,6.369868,9.820663,10.435924,11.921287
2026-07-08,17-14-38,two_teams,2026-07-08T17:14:38.874724+08:00,2026-07-08T17:16:08.884076+08:00,2026-07-08T17:18:53.356821+08:00,254.482,0,0,4.091624,3.693882,3.070878,4.394331,10.037046,12.317078,3.679716,7.313985,5.166523,8.367414,9.785527,3.477093
2026-07-08,17-19-57,two_teams,2026-07-08T17:19:57.078290+08:00,2026-07-08T17:21:09.049887+08:00,2026-07-08T17:28:16.652824+08:00,499.575,8,65,2.714963,8.763639,11.995230,9.728857,10.673675,16.869602,5.707785,7.182641,11.566090,21.620557,11.854969,8.825690
2026-07-08,17-33-24,two_teams,2026-07-08T17:33:24.227238+08:00,2026-07-08T17:34:54.252842+08:00,2026-07-08T17:39:54.381927+08:00,390.155,9,0,1.423978,2.515275,1.457670,1.959848,0.397766,0.303422,5.505723,4.883554,3.456852,6.775983,6.094732,6.316683
2026-07-08,17-54-06,two_teams,2026-07-08T17:54:06.944091+08:00,2026-07-08T17:55:36.968588+08:00,2026-07-08T18:00:37.102361+08:00,390.158,6,0,9.502666,4.620710,5.880552,14.677064,9.982491,13.786097,0.433195,0.431829,0.473880,0.420587,0.506125,0.328664
2026-07-08,18-01-27,two_teams,2026-07-08T18:01:27.060267+08:00,2026-07-08T18:02:57.071039+08:00,2026-07-08T18:07:57.146372+08:00,390.086,4,0,7.395147,5.043681,12.819573,19.125790,12.694373,8.402020,5.058159,6.164988,6.027839,18.245936,9.108790,7.716187
2026-07-08,18-11-29,two_teams,2026-07-08T18:11:29.947510+08:00,2026-07-08T18:12:59.954503+08:00,2026-07-08T18:18:00.045041+08:00,390.098,10,0,9.138260,13.984630,12.136987,21.246265,18.511956,24.734643,4.272607,2.014111,1.198534,1.962134,3.707724,3.504785
2026-07-08,18-25-30,two_teams,2026-07-08T18:25:30.889259+08:00,2026-07-08T18:27:00.897735+08:00,2026-07-08T18:32:01.056142+08:00,390.167,0,0,0.522755,0.382627,0.388975,0.403989,0.408741,0.294027,0.461915,0.427934,0.464895,0.418583,0.522421,0.322603
2026-07-08,18-44-08,two_teams,2026-07-08T18:44:08.277532+08:00,2026-07-08T18:45:38.291754+08:00,2026-07-08T18:50:38.446677+08:00,390.169,8,0,4.359618,1.384824,1.109790,2.067445,3.527419,16.095102,8.961392,3.173353,7.621625,4.145542,8.741627,5.876899
2026-07-09,10-15-00,two_teams,2026-07-09T10:15:00.136829+08:00,2026-07-09T10:15:00.804097+08:00,2026-07-09T10:15:01.288937+08:00,1.152,0,0,0.003088,0.065906,0.070239,0.001915,0.103398,0.103339,0.001679,0.064506,0.066948,0.094114,0.098597,0.002499
2026-07-09,10-56-22,two_teams,2026-07-09T10:56:22.078129+08:00,2026-07-09T10:57:52.094210+08:00,2026-07-09T11:02:52.246757+08:00,390.169,4,30,0.493165,0.384881,0.416215,0.395735,0.393528,0.287497,0.439796,0.437826,0.679426,0.424668,0.496238,0.319863
2026-07-09,11-10-39,two_teams,2026-07-09T11:10:39.828176+08:00,2026-07-09T11:12:09.843801+08:00,2026-07-09T11:19:03.216840+08:00,503.389,11,0,0.624829,0.467227,0.479421,0.502331,0.482463,0.348564,1.517319,5.879930,1.529445,2.202778,9.313450,3.647012
2026-07-09,11-20-08,two_teams,2026-07-09T11:20:08.052150+08:00,2026-07-09T11:21:38.064037+08:00,2026-07-09T11:26:38.213897+08:00,390.162,49,10,8.790589,5.288789,7.798554,26.705453,15.555419,25.048962,8.450529,4.658905,4.869963,4.460759,15.967260,21.564724
2026-07-09,11-27-38,two_teams,2026-07-09T11:27:38.288717+08:00,2026-07-09T11:29:08.298629+08:00,2026-07-09T11:34:08.462514+08:00,390.174,7,0,3.329565,7.817454,10.137999,27.958113,12.588334,13.059977,5.168846,9.652671,9.555366,28.308102,5.797884,5.742361
2026-07-09,11-36-37,two_teams,2026-07-09T11:36:37.948821+08:00,2026-07-09T11:37:43.472913+08:00,2026-07-09T11:41:24.459156+08:00,286.510,6,0,5.625186,5.464745,5.304301,6.983003,9.722715,10.809737,3.219368,3.253738,3.432150,6.459240,7.952562,7.536054
2026-07-09,11-42-22,two_teams,2026-07-09T11:42:22.168982+08:00,2026-07-09T11:43:04.658057+08:00,2026-07-09T11:48:04.744001+08:00,342.575,160,110,8.546237,11.669251,13.547434,25.774279,30.324061,51.163975,7.522893,13.619607,25.885965,37.060772,6.601211,19.878633
2026-07-09,11-49-40,two_teams,2026-07-09T11:49:40.860727+08:00,2026-07-09T11:51:10.869718+08:00,2026-07-09T11:56:10.986120+08:00,390.125,0,0,0.511276,0.376799,0.368427,0.413181,0.402934,0.292531,0.499825,0.440537,0.422544,0.437202,0.518917,0.326616
2026-07-09,11-56-56,two_teams,2026-07-09T11:56:56.747346+08:00,2026-07-09T11:58:26.768672+08:00,2026-07-09T12:03:26.840223+08:00,390.093,0,0,0.483859,0.378646,0.362962,0.410388,0.400002,0.293012,0.450925,0.427380,0.412623,0.419006,0.511861,0.332328
2026-07-09,12-46-31,two_teams,2026-07-09T12:46:31.337247+08:00,2026-07-09T12:48:01.354253+08:00,2026-07-09T12:53:01.532708+08:00,390.195,0,4,0.501744,0.392661,0.422468,0.412352,0.397054,0.292161,0.444337,0.451012,0.642311,0.438819,0.520516,0.336450
2026-07-09,12-57-49,two_teams,2026-07-09T12:57:49.733489+08:00,2026-07-09T12:59:19.769603+08:00,2026-07-09T13:04:19.945611+08:00,390.212,13,79,3.800384,4.546897,10.916228,13.591564,23.167003,12.594880,3.492433,4.116979,3.433283,5.328664,4.795669,9.649999
2026-07-09,13-05-58,two_teams,2026-07-09T13:05:58.582348+08:00,2026-07-09T13:07:28.591121+08:00,2026-07-09T13:12:28.659148+08:00,390.077,6,72,5.768007,0.486548,0.499540,0.433479,0.396411,0.277404,4.660511,9.535917,7.139880,8.905096,4.433085,4.263138
2026-07-09,13-13-35,two_teams,2026-07-09T13:13:35.922976+08:00,2026-07-09T13:15:05.952336+08:00,2026-07-09T13:20:06.087100+08:00,390.164,71,8,7.644854,7.246401,4.996674,15.348037,4.641375,4.547591,0.421751,0.418364,0.400026,0.400575,0.492140,0.333157
2026-07-09,13-23-47,two_teams,2026-07-09T13:23:47.852304+08:00,2026-07-09T13:25:17.860948+08:00,2026-07-09T13:30:18.028723+08:00,390.176,27,0,2.298306,4.726727,7.354886,4.568638,3.566014,3.449362,0.427234,0.414831,0.402628,0.416015,0.482007,0.309440
2026-07-09,13-34-56,two_teams,2026-07-09T13:34:56.860564+08:00,2026-07-09T13:36:26.886128+08:00,2026-07-09T13:41:27.056042+08:00,390.195,18,58,14.235160,7.919825,4.797550,5.879668,13.831426,14.807524,8.063821,6.224042,6.076106,7.362902,12.999822,12.323122
2026-07-09,13-42-23,two_teams,2026-07-09T13:42:23.327330+08:00,2026-07-09T13:43:53.334697+08:00,2026-07-09T13:48:53.514560+08:00,390.187,17,28,8.277750,10.070604,5.347503,14.213029,12.852702,14.503013,5.867351,3.467798,5.282111,6.736103,5.287853,5.044378
2026-07-09,13-49-46,two_teams,2026-07-09T13:49:46.347167+08:00,2026-07-09T13:51:16.372436+08:00,2026-07-09T13:56:16.507913+08:00,390.161,83,246,5.363186,8.110483,9.013675,23.765205,11.836026,7.697818,9.201198,19.128352,30.342506,50.358722,16.941160,19.055564
2026-07-09,14-17-15,two_teams,2026-07-09T14:17:15.617358+08:00,2026-07-09T14:18:45.627118+08:00,2026-07-09T14:23:45.801465+08:00,390.184,6,0,6.511997,2.720046,2.220158,3.603475,5.373120,4.017308,1.902794,0.467942,0.554367,0.424757,0.493237,0.319590
2026-07-09,14-35-56,two_teams,2026-07-09T14:35:56.974319+08:00,2026-07-09T14:37:26.984109+08:00,2026-07-09T14:42:27.106369+08:00,390.132,7,0,3.927919,1.819118,1.118239,1.926626,3.576680,3.593687,0.437875,0.435486,0.500732,0.422946,0.512350,0.330122
2026-07-09,14-43-21,two_teams,2026-07-09T14:43:21.181856+08:00,2026-07-09T14:44:51.214555+08:00,2026-07-09T14:49:51.300208+08:00,390.118,5,0,7.898567,4.800669,3.917303,11.329873,15.058122,8.245540,0.445242,0.422381,0.404388,0.416977,0.498320,0.318859
2026-07-09,14-51-12,two_teams,2026-07-09T14:51:12.182365+08:00,2026-07-09T14:52:42.194991+08:00,2026-07-09T14:57:42.324727+08:00,390.142,19,52,0.462317,0.353885,0.347803,0.386577,0.383195,0.279995,7.679340,4.841165,6.565555,7.549584,11.665335,16.727678
2026-07-09,14-58-58,two_teams,2026-07-09T14:58:58.459967+08:00,2026-07-09T15:00:28.468588+08:00,2026-07-09T15:05:28.561728+08:00,390.102,37,0,6.835810,9.359197,14.395849,19.099661,12.011140,10.770439,7.313890,6.739842,7.547908,3.881300,6.211085,5.645423
2026-07-09,15-06-29,two_teams,2026-07-09T15:06:29.643758+08:00,2026-07-09T15:07:59.669269+08:00,2026-07-09T15:12:59.752513+08:00,390.109,11,0,10.559515,3.230641,4.892974,25.450984,8.770977,12.871362,7.802944,5.297161,6.933913,10.170383,9.815661,8.805297
2026-07-09,15-14-06,two_teams,2026-07-09T15:14:06.859841+08:00,2026-07-09T15:15:36.885930+08:00,2026-07-09T15:20:37.000008+08:00,390.140,46,118,4.964026,5.267060,8.428947,13.447371,19.671190,12.425971,5.384990,4.986615,6.874797,21.338616,14.564222,9.155349
2026-07-09,15-22-47,two_teams,2026-07-09T15:22:47.931295+08:00,2026-07-09T15:24:17.956120+08:00,2026-07-09T15:29:18.020627+08:00,390.089,0,0,16.464189,7.384294,12.061053,8.920806,8.529332,4.892868,8.182729,4.258447,3.566889,7.930741,4.866318,9.698486
2026-07-09,15-30-09,two_teams,2026-07-09T15:30:09.840510+08:00,2026-07-09T15:31:39.851109+08:00,2026-07-09T15:36:39.966260+08:00,390.126,42,0,9.224270,12.821688,8.029994,23.126243,18.608375,29.393092,7.822474,10.112381,9.771533,6.546067,10.198280,24.109060
2026-07-09,15-37-39,two_teams,2026-07-09T15:37:39.493925+08:00,2026-07-09T15:39:09.500714+08:00,2026-07-09T15:44:09.566214+08:00,390.072,49,6,15.328792,7.690006,9.302723,7.642620,9.598090,14.313525,13.033707,12.763119,13.217450,11.674777,19.697811,13.790967
2026-07-09,15-45-12,two_teams,2026-07-09T15:45:12.094966+08:00,2026-07-09T15:46:42.122365+08:00,2026-07-09T15:51:42.204436+08:00,390.109,64,124,6.670807,6.713673,3.816041,2.587798,5.919379,4.353437,13.255403,14.056732,16.290567,23.890029,4.355611,3.732287
2026-07-09,15-52-44,two_teams,2026-07-09T15:52:44.228594+08:00,2026-07-09T15:54:14.254370+08:00,2026-07-09T15:59:14.360504+08:00,390.132,0,0,9.348361,7.269905,7.408736,7.147799,14.294033,11.822053,7.324659,2.776194,3.860851,9.366501,5.666327,10.119364
2026-07-09,16-08-44,two_teams,2026-07-09T16:08:44.944429+08:00,2026-07-09T16:10:14.970609+08:00,2026-07-09T16:15:15.085505+08:00,390.141,58,11,3.827128,8.047228,8.465172,6.179393,20.138607,10.273130,3.744262,4.276901,1.872437,2.735687,3.986285,3.475098
2026-07-09,16-16-08,two_teams,2026-07-09T16:16:08.850584+08:00,2026-07-09T16:17:38.860689+08:00,2026-07-09T16:22:38.980422+08:00,390.130,8,0,5.521466,16.783176,14.177322,13.161008,19.916845,18.855591,6.256329,11.304795,13.778462,8.492168,9.999161,17.529250
2026-07-09,16-27-13,two_teams,2026-07-09T16:27:13.974421+08:00,2026-07-09T16:28:43.997214+08:00,2026-07-09T16:33:44.117086+08:00,390.143,75,0,9.355647,9.133328,9.080916,14.704282,7.627017,7.600882,3.831270,6.089900,4.672111,9.633110,4.187286,3.483183
2026-07-09,16-42-46,two_teams,2026-07-09T16:42:46.395871+08:00,2026-07-09T16:44:16.422693+08:00,2026-07-09T16:49:16.555451+08:00,390.160,21,0,8.298018,10.018124,11.098680,14.016623,15.065509,11.462612,0.425638,0.414615,0.460705,0.412889,0.489021,0.321218
2026-07-09,16-58-17,two_teams,2026-07-09T16:58:17.599354+08:00,2026-07-09T16:59:47.609065+08:00,2026-07-09T17:04:47.699988+08:00,390.101,20,0,5.940277,10.754036,12.197104,17.132230,15.326295,12.172085,0.417083,0.418479,0.451567,0.419798,0.498439,0.311259
2026-07-09,17-33-12,two_teams,2026-07-09T17:33:12.614537+08:00,2026-07-09T17:34:42.641227+08:00,2026-07-09T17:57:44.158752+08:00,1471.544,12,8,6.608291,6.148527,4.419783,8.047930,11.684079,5.242219,5.204718,10.799914,9.842235,11.721500,5.266657,4.552808
2026-07-09,17-58-49,two_teams,2026-07-09T17:58:49.154711+08:00,2026-07-09T18:00:19.180466+08:00,2026-07-09T18:05:19.197871+08:00,390.043,0,0,0.498220,0.382811,0.367708,0.413686,0.400721,0.300905,0.445067,0.439629,0.427574,0.433693,0.526376,0.330382
2026-07-09,18-08-31,two_teams,2026-07-09T18:08:31.229110+08:00,2026-07-09T18:10:01.249936+08:00,2026-07-09T18:15:01.350922+08:00,390.122,6,0,1.840054,1.361474,1.107778,1.968253,3.819521,3.952551,0.408552,0.421142,0.421607,0.409460,0.496976,0.328305
2026-07-09,18-36-06,two_teams,2026-07-09T18:36:06.833155+08:00,2026-07-09T18:37:36.844041+08:00,2026-07-09T18:42:36.962953+08:00,390.130,17,0,10.529329,13.508660,10.465929,15.600539,15.687115,34.671077,0.424336,0.420021,0.480772,0.410244,0.490162,0.314020
2026-07-09,18-44-00,two_teams,2026-07-09T18:44:00.770973+08:00,2026-07-09T18:45:30.781189+08:00,2026-07-09T18:50:39.849691+08:00,399.079,0,0,1.472725,2.080667,1.809929,2.729833,9.620136,5.450638,0.410935,0.434196,0.413569,0.437963,0.518990,0.325022
2026-07-10,11-04-24,two_teams,2026-07-10T11:04:24.277879+08:00,2026-07-10T11:05:52.177530+08:00,2026-07-10T11:10:52.323263+08:00,388.045,39,0,5.293990,7.498400,6.953037,9.195475,3.578319,3.496914,1.538037,2.621781,4.283213,2.674349,5.075724,8.188116
2026-07-10,11-12-08,two_teams,2026-07-10T11:12:08.309238+08:00,2026-07-10T11:13:19.086949+08:00,2026-07-10T11:18:19.219673+08:00,370.910,49,0,2.990401,3.655425,3.105170,10.394610,3.562638,6.666330,2.173839,3.399254,4.489429,6.094137,6.675231,13.279509
2026-07-10,11-19-46,two_teams,2026-07-10T11:19:46.636544+08:00,2026-07-10T11:21:16.645781+08:00,2026-07-10T11:26:16.769873+08:00,390.133,9,0,2.515262,0.412521,0.414674,0.407566,0.404374,0.291691,1.172603,0.436573,0.413997,0.416913,0.487088,0.320277
2026-07-10,11-27-16,two_teams,2026-07-10T11:27:16.134252+08:00,2026-07-10T11:28:14.454144+08:00,2026-07-10T11:33:33.037207+08:00,376.903,50,43,19.876042,12.659344,15.418900,22.405662,16.625122,25.859966,6.959104,15.955610,31.280997,22.119532,7.397216,3.810641
2026-07-10,11-36-16,two_teams,2026-07-10T11:36:16.743778+08:00,2026-07-10T11:37:17.484604+08:00,2026-07-10T11:42:17.608240+08:00,360.864,0,0,4.533800,3.105149,4.941455,6.500728,4.776471,4.479599,1.774475,4.921399,7.254964,3.228992,5.675194,3.526564
2026-07-10,11-46-15,two_teams,2026-07-10T11:46:15.612649+08:00,2026-07-10T11:47:45.622010+08:00,2026-07-10T11:52:45.649874+08:00,390.037,0,0,0.499076,0.376890,0.364580,0.398881,0.388542,0.288839,0.423491,0.427315,0.437702,0.415048,0.493380,0.321583
2026-07-10,11-58-05,two_teams,2026-07-10T11:58:05.914622+08:00,2026-07-10T11:59:03.545452+08:00,2026-07-10T12:04:03.646178+08:00,357.732,101,0,4.708127,4.519278,7.965966,21.770075,6.560832,8.094694,5.737410,6.950799,9.614635,14.578131,12.829815,6.710050
2026-07-10,12-05-58,two_teams,2026-07-10T12:05:58.754704+08:00,2026-07-10T12:07:28.763040+08:00,2026-07-10T12:12:28.893119+08:00,390.138,28,0,10.893928,5.429982,9.439368,11.380565,15.555871,13.918214,7.223025,4.439767,7.482082,6.175249,6.100352,5.197702
2026-07-10,12-13-47,two_teams,2026-07-10T12:13:47.288731+08:00,2026-07-10T12:15:17.298398+08:00,2026-07-10T12:20:17.324217+08:00,390.035,4,0,1.424014,1.296250,1.035542,1.855704,3.548269,3.834543,1.356892,1.394794,1.112632,1.933391,3.666486,3.505075
2026-07-10,12-44-56,two_teams,2026-07-10T12:44:56.878310+08:00,2026-07-10T12:45:56.007762+08:00,2026-07-10T12:50:56.073815+08:00,359.196,12,0,6.052497,4.141769,6.767544,9.902838,8.104555,9.843368,3.724760,6.465513,5.189563,5.582182,6.352937,4.666715
2026-07-10,12-51-52,two_teams,2026-07-10T12:51:52.073756+08:00,2026-07-10T12:53:22.082556+08:00,2026-07-10T12:58:22.244420+08:00,390.171,0,15,2.824330,2.934879,4.077974,3.131490,4.502326,4.361259,6.030251,6.603428,10.608903,6.146330,6.065380,4.417506
2026-07-10,13-00-27,two_teams,2026-07-10T13:00:27.321493+08:00,2026-07-10T13:01:57.347651+08:00,2026-07-10T13:06:57.362884+08:00,390.041,0,0,1.023373,0.387510,0.382559,0.414130,0.398361,0.287856,0.430463,0.427391,0.413895,0.423432,0.503394,0.328672
2026-07-10,13-08-03,two_teams,2026-07-10T13:08:03.047391+08:00,2026-07-10T13:09:33.078076+08:00,2026-07-10T13:14:33.167395+08:00,390.120,0,0,10.963506,5.892963,8.491895,7.750192,12.196992,25.666097,8.237054,1.565418,1.116417,0.561172,0.540974,0.325351
2026-07-10,13-15-30,two_teams,2026-07-10T13:15:30.263381+08:00,2026-07-10T13:17:00.272627+08:00,2026-07-10T13:22:00.401942+08:00,390.139,73,6,11.249184,9.688287,14.090698,21.842236,20.612218,21.472035,3.637555,8.210235,6.822744,9.902904,28.572254,19.379240
2026-07-10,13-23-05,two_teams,2026-07-10T13:23:05.515660+08:00,2026-07-10T13:24:35.539869+08:00,2026-07-10T13:29:35.625160+08:00,390.109,52,124,11.208506,8.188163,17.967230,27.189329,17.283258,24.659186,13.119226,9.466162,11.082093,10.592854,9.672332,11.816239
2026-07-10,13-30-43,two_teams,2026-07-10T13:30:43.008793+08:00,2026-07-10T13:32:13.018997+08:00,2026-07-10T13:37:13.111804+08:00,390.103,7,71,1.968841,3.637202,3.495286,9.310802,9.777868,22.376869,6.258900,9.832262,7.296704,19.990745,18.766250,14.384776
2026-07-10,13-38-28,two_teams,2026-07-10T13:38:28.030900+08:00,2026-07-10T13:39:58.055169+08:00,2026-07-10T13:44:58.184018+08:00,390.153,12,121,11.418270,7.112892,12.740391,12.974609,18.496476,16.353206,3.895084,9.337675,5.840828,19.018767,6.838659,12.569971
2026-07-10,13-56-03,two_teams,2026-07-10T13:56:03.247389+08:00,2026-07-10T13:57:33.272378+08:00,2026-07-10T14:02:33.354929+08:00,390.108,44,5,6.272827,17.712730,5.489172,24.716420,19.416297,9.571264,0.449720,0.420212,0.459420,0.407753,0.486170,0.316204
2026-07-10,14-05-24,two_teams,2026-07-10T14:05:24.683766+08:00,2026-07-10T14:06:54.692928+08:00,2026-07-10T14:11:54.824935+08:00,390.141,32,4,3.896542,2.899852,5.913587,7.521440,10.754672,24.644286,0.390478,0.419698,0.409692,0.413795,0.505748,0.309081
2026-07-10,14-15-10,two_teams,2026-07-10T14:15:10.745099+08:00,2026-07-10T14:16:40.769166+08:00,2026-07-10T14:21:40.885622+08:00,390.141,81,42,8.475471,9.704846,11.516996,19.023633,3.878810,3.844777,5.106834,6.289545,13.566957,16.155576,12.633128,17.410817
2026-07-10,14-30-45,two_teams,2026-07-10T14:30:45.156713+08:00,2026-07-10T14:32:15.181716+08:00,2026-07-10T14:37:15.290660+08:00,390.134,76,14,3.030340,8.416548,15.809957,28.549810,3.571170,3.576756,0.440306,0.424098,0.444333,0.419608,0.494852,0.314097
2026-07-10,14-38-57,two_teams,2026-07-10T14:38:57.498838+08:00,2026-07-10T14:40:27.525792+08:00,2026-07-10T14:45:27.623197+08:00,390.124,101,49,2.396942,7.726057,14.898873,26.134710,18.470359,4.819511,7.266647,9.252479,6.907995,9.619509,10.312096,13.958720
2026-07-10,14-46-27,two_teams,2026-07-10T14:46:27.308773+08:00,2026-07-10T14:47:57.319287+08:00,2026-07-10T14:52:57.397024+08:00,390.088,11,0,8.639726,12.615379,13.278000,6.988257,11.854011,16.884509,0.630733,0.420784,0.400456,0.416718,0.494201,0.314678
2026-07-10,14-55-21,two_teams,2026-07-10T14:55:21.391124+08:00,2026-07-10T14:56:51.417666+08:00,2026-07-10T15:01:51.530290+08:00,390.139,0,0,0.483082,0.384530,0.368015,0.416342,0.407274,0.300507,0.417411,0.449048,0.426543,0.445748,0.529817,0.336779
2026-07-10,15-07-38,two_teams,2026-07-10T15:07:38.178244+08:00,2026-07-10T15:09:08.221430+08:00,2026-07-10T15:14:08.331212+08:00,390.153,113,86,5.831377,5.845818,14.391038,25.728808,15.375044,8.562738,3.277561,4.447623,7.079604,9.583828,10.944517,11.342737
2026-07-10,15-15-24,two_teams,2026-07-10T15:15:24.546180+08:00,2026-07-10T15:16:54.555422+08:00,2026-07-10T15:21:54.698292+08:00,390.152,5,16,0.483538,0.367538,0.355073,0.395645,0.372274,0.279574,6.738925,4.179230,3.183098,5.750972,24.502711,8.808708
2026-07-10,15-30-39,two_teams,2026-07-10T15:30:39.055901+08:00,2026-07-10T15:32:09.069402+08:00,2026-07-10T15:37:09.211838+08:00,390.156,11,0,5.062824,11.675536,16.938087,12.018265,33.913098,20.575240,0.410557,0.410937,0.477252,0.412770,0.508274,0.317353
2026-07-10,15-38-58,two_teams,2026-07-10T15:38:58.272074+08:00,2026-07-10T15:40:28.283872+08:00,2026-07-10T15:45:28.375727+08:00,390.104,38,0,6.940970,8.448648,5.418138,10.500465,11.149818,25.275027,21.767921,9.982488,5.300673,9.476268,19.254916,16.494139
2026-07-10,15-46-27,two_teams,2026-07-10T15:46:27.190772+08:00,2026-07-10T15:47:57.216164+08:00,2026-07-10T15:52:57.336661+08:00,390.146,0,50,5.519740,7.656348,16.834386,20.938253,20.110327,17.123857,0.387891,0.417464,0.398575,0.413223,0.481371,0.310829
2026-07-10,15-54-02,two_teams,2026-07-10T15:54:02.412073+08:00,2026-07-10T15:55:32.425996+08:00,2026-07-10T16:00:32.507263+08:00,390.095,66,5,1.899482,3.119130,6.124874,9.881799,12.706540,28.879630,0.365597,0.416534,0.396607,0.407379,0.482537,0.329414
2026-07-10,16-02-09,two_teams,2026-07-10T16:02:09.836269+08:00,2026-07-10T16:03:39.860652+08:00,2026-07-10T16:08:39.958284+08:00,390.122,0,4,7.413006,13.189466,13.495315,9.603836,14.691059,10.500595,8.751432,2.700250,2.220914,3.491894,5.001022,4.932939
2026-07-10,16-09-35,two_teams,2026-07-10T16:09:35.576239+08:00,2026-07-10T16:11:05.603085+08:00,2026-07-10T16:16:05.706168+08:00,390.130,140,120,11.754414,10.902357,11.218638,21.395687,7.169113,5.041109,6.910667,6.484246,11.096436,13.427308,6.258643,7.412597
2026-07-10,16-17-11,two_teams,2026-07-10T16:17:11.516822+08:00,2026-07-10T16:18:27.708904+08:00,2026-07-10T16:23:27.780479+08:00,376.264,15,18,5.407550,5.799880,14.199727,11.955436,7.846871,9.789412,9.618767,7.168505,5.437669,18.052292,17.617774,15.396434
2026-07-10,16-24-23,two_teams,2026-07-10T16:24:23.257654+08:00,2026-07-10T16:25:53.265683+08:00,2026-07-10T16:30:53.339262+08:00,390.082,4,0,5.186669,5.977075,12.956077,20.990400,13.339522,20.972045,1.265245,1.316218,0.966287,0.453259,0.489203,0.315406
2026-07-10,16-32-06,two_teams,2026-07-10T16:32:06.328335+08:00,2026-07-10T16:32:54.340600+08:00,2026-07-10T16:37:48.942703+08:00,342.614,120,36,6.484756,8.240625,8.955172,13.083786,9.396098,8.775096,4.441847,3.524921,7.401963,11.723995,5.024086,7.074678
2026-07-10,16-45-30,two_teams,2026-07-10T16:45:30.774484+08:00,2026-07-10T16:47:00.781671+08:00,2026-07-10T16:47:51.585779+08:00,140.811,0,0,0.176305,0.146071,0.168537,0.151624,0.145187,0.107643,0.156604,0.160546,0.192941,0.162303,0.182979,0.122344
2026-07-10,16-53-38,two_teams,2026-07-10T16:53:38.213825+08:00,2026-07-10T16:55:08.217074+08:00,2026-07-10T16:56:27.787333+08:00,169.574,0,0,1.496848,0.193573,0.211497,0.182733,0.176420,0.126256,0.180735,0.195839,0.216272,0.187996,0.221491,0.144533
2026-07-10,16-57-14,two_teams,2026-07-10T16:57:14.965403+08:00,2026-07-10T16:57:58.652171+08:00,2026-07-10T17:02:58.802836+08:00,343.837,32,58,2.105568,1.562538,0.923180,1.795508,3.467190,3.478782,9.190283,12.927282,5.327878,27.903506,10.024049,10.885673
2026-07-10,17-05-48,two_teams,2026-07-10T17:05:48.572343+08:00,2026-07-10T17:07:18.598551+08:00,2026-07-10T17:09:20.627152+08:00,212.055,0,0,2.438003,1.249168,0.944516,1.829542,3.523880,3.350485,0.232322,0.239810,0.274223,0.232534,0.285509,0.183059
2026-07-10,17-11-48,two_teams,2026-07-10T17:11:48.487937+08:00,2026-07-10T17:13:18.509669+08:00,2026-07-10T17:18:18.631465+08:00,390.144,0,0,7.891460,3.806566,4.868523,13.742017,7.466223,7.719642,6.494413,4.912630,6.817804,14.832862,12.255882,11.667135
2026-07-10,17-20-29,two_teams,2026-07-10T17:20:29.002691+08:00,2026-07-10T17:21:19.578855+08:00,2026-07-10T17:26:19.696974+08:00,350.694,0,0,10.652375,4.648329,2.030472,9.620158,6.521258,7.024810,0.367037,0.376698,0.360975,0.363263,0.438993,0.287423
2026-07-10,17-27-38,two_teams,2026-07-10T17:27:38.079512+08:00,2026-07-10T17:29:08.091838+08:00,2026-07-10T17:34:08.245624+08:00,390.166,125,194,6.164547,10.082375,14.480081,11.749017,3.704395,3.461223,5.244063,6.947184,4.719877,20.520000,3.962966,4.021830
2026-07-10,17-35-13,two_teams,2026-07-10T17:35:13.187631+08:00,2026-07-10T17:36:43.200545+08:00,2026-07-10T17:41:43.350728+08:00,390.163,0,0,0.514017,0.381062,0.368309,0.414268,0.402049,0.288940,0.433156,0.436193,0.422518,0.426571,0.518209,0.352370
2026-07-10,17-42-28,two_teams,2026-07-10T17:42:28.489980+08:00,2026-07-10T17:43:58.508679+08:00,2026-07-10T17:48:58.624984+08:00,390.135,5,10,0.432851,0.352680,0.339803,0.383734,0.382086,0.274196,1.638198,3.191893,3.374988,6.415289,5.713985,5.064730
2026-07-10,17-50-20,two_teams,2026-07-10T17:50:20.461536+08:00,2026-07-10T17:51:25.338145+08:00,2026-07-10T17:56:25.414345+08:00,364.953,6,12,0.404456,0.329450,0.319373,0.364646,0.350849,0.250105,5.301819,5.108307,8.361535,9.145170,8.126690,7.257173
2026-07-10,17-58-09,two_teams,2026-07-10T17:58:09.274718+08:00,2026-07-10T17:59:08.039151+08:00,2026-07-10T18:04:24.482669+08:00,375.208,12,61,0.457645,0.339147,0.331771,0.384907,0.366039,0.261158,8.023254,4.578573,4.209389,6.407862,10.399177,13.728476
2026-07-10,18-05-53,two_teams,2026-07-10T18:05:53.914571+08:00,2026-07-10T18:07:23.943759+08:00,2026-07-10T18:15:25.567765+08:00,571.653,0,0,0.728502,0.573343,0.556546,0.617791,0.597424,0.438834,0.569573,0.651155,0.625649,0.654166,0.766824,0.497371
2026-07-10,18-17-03,two_teams,2026-07-10T18:17:03.975592+08:00,2026-07-10T18:17:26.813565+08:00,2026-07-10T18:22:26.924845+08:00,322.949,19,59,6.305120,6.853549,5.923510,6.854553,3.915899,3.770661,5.172643,7.998596,8.027612,12.584770,8.809049,8.557002
2026-07-10,18-24-39,two_teams,2026-07-10T18:24:39.356340+08:00,2026-07-10T18:26:09.383868+08:00,2026-07-10T18:27:48.970686+08:00,189.614,0,0,0.233281,0.189046,0.187396,0.208827,0.195784,0.145886,0.212459,0.218833,0.218520,0.211801,0.246140,0.166086
2026-07-10,18-28-47,two_teams,2026-07-10T18:28:47.973419+08:00,2026-07-10T18:30:17.998589+08:00,2026-07-10T18:35:18.194962+08:00,390.222,0,0,3.594925,4.017364,3.439559,4.849204,5.479756,8.464976,1.945868,1.376054,1.044538,1.891194,3.673344,3.704164
2026-07-10,18-40-24,two_teams,2026-07-10T18:40:24.399350+08:00,2026-07-10T18:40:52.563660+08:00,2026-07-10T18:45:20.333431+08:00,295.934,86,6,6.733767,5.316103,4.741720,6.294037,5.862705,6.689804,0.275773,0.305544,0.327122,0.298157,0.377004,0.237831
2026-07-10,18-46-37,two_teams,2026-07-10T18:46:37.466974+08:00,2026-07-10T18:46:59.160088+08:00,2026-07-10T18:51:59.274174+08:00,321.807,49,8,7.767754,9.420081,5.971043,10.045371,12.485418,11.160964,1.222851,1.462998,0.912941,1.936906,3.606549,3.570888
2026-07-10,18-53-05,two_teams,2026-07-10T18:53:05.119296+08:00,2026-07-10T18:53:49.962001+08:00,2026-07-10T18:56:58.082515+08:00,232.963,37,0,1.912409,4.052958,1.635806,1.868519,9.723834,6.273873,0.225947,0.247212,0.237111,0.253993,0.296031,0.183892
2026-07-11,11-27-30,two_teams,2026-07-11T11:27:30.617953+08:00,2026-07-11T11:29:00.634782+08:00,2026-07-11T11:34:00.800748+08:00,390.183,4,40,3.283697,3.273911,3.405581,3.678177,3.539068,3.442552,5.624497,3.538282,5.526158,8.009784,5.802701,10.959059
2026-07-11,11-35-00,two_teams,2026-07-11T11:35:00.375616+08:00,2026-07-11T11:36:30.401713+08:00,2026-07-11T11:41:30.535580+08:00,390.160,41,11,4.723579,6.031660,4.280184,8.423799,14.698738,15.278569,8.218839,10.120029,10.072665,17.643541,10.065959,8.997723
2026-07-11,11-42-23,two_teams,2026-07-11T11:42:23.117027+08:00,2026-07-11T11:43:53.126522+08:00,2026-07-11T11:48:53.247254+08:00,390.130,43,0,7.479274,4.889291,21.429805,20.083962,10.221773,6.811092,0.418874,0.416611,0.398685,0.414061,0.491025,0.305460
2026-07-11,11-53-53,two_teams,2026-07-11T11:53:53.516947+08:00,2026-07-11T11:55:23.536376+08:00,2026-07-11T12:00:23.640668+08:00,390.124,254,44,10.385532,9.986249,18.398896,33.501709,4.169376,3.503469,0.415428,0.417190,0.407999,0.415528,0.480140,0.304802
2026-07-11,12-04-02,two_teams,2026-07-11T12:04:02.588277+08:00,2026-07-11T12:05:32.613338+08:00,2026-07-11T12:10:32.735152+08:00,390.147,0,0,0.489231,0.375068,0.378944,0.405371,0.397401,0.291573,0.440688,0.431928,0.429487,0.423962,0.505135,0.319686
2026-07-11,12-12-35,two_teams,2026-07-11T12:12:35.742852+08:00,2026-07-11T12:14:05.778391+08:00,2026-07-11T12:19:05.879811+08:00,390.137,0,6,0.497229,0.359533,0.356447,0.391312,0.387630,0.292438,3.937797,6.198103,7.898056,10.668275,6.822746,4.596164
2026-07-11,12-20-15,two_teams,2026-07-11T12:20:15.658537+08:00,2026-07-11T12:21:45.667156+08:00,2026-07-11T12:26:45.753895+08:00,390.095,9,25,0.471071,0.359465,0.350412,0.384146,0.372547,0.274176,9.733040,4.360104,10.687725,11.752142,3.787265,3.596679
2026-07-11,12-29-22,two_teams,2026-07-11T12:29:22.212531+08:00,2026-07-11T12:30:52.237445+08:00,2026-07-11T12:35:52.380049+08:00,390.168,25,0,6.057450,8.453952,9.173695,12.762641,7.595780,8.847538,3.464368,10.989305,10.999693,5.264965,4.675249,15.526231
2026-07-11,12-36-52,two_teams,2026-07-11T12:36:52.902157+08:00,2026-07-11T12:38:22.910404+08:00,2026-07-11T12:43:23.033763+08:00,390.132,24,98,0.468154,0.359810,0.349307,0.385558,0.376661,0.277187,5.988447,6.500343,8.446163,13.190985,5.053584,6.945081
2026-07-11,12-44-21,two_teams,2026-07-11T12:44:21.492160+08:00,2026-07-11T12:45:51.501253+08:00,2026-07-11T12:50:51.631665+08:00,390.140,57,5,6.979361,5.927392,7.755297,12.118241,8.364297,7.652365,23.407056,17.342931,9.363038,7.150377,3.854055,7.606340
2026-07-11,12-59-16,two_teams,2026-07-11T12:59:16.659436+08:00,2026-07-11T13:00:46.685571+08:00,2026-07-11T13:05:46.786566+08:00,390.127,0,0,0.498424,0.377257,0.398767,0.402670,0.404319,0.294120,2.417485,0.484639,0.495814,0.446283,0.515803,0.327873
2026-07-11,13-08-10,two_teams,2026-07-11T13:08:10.918380+08:00,2026-07-11T13:09:40.933713+08:00,2026-07-11T13:14:41.044101+08:00,390.126,0,0,4.493901,3.800363,4.346447,9.048028,6.619311,8.238330,10.019361,5.719972,9.833702,10.119264,14.061486,10.620595
2026-07-11,13-15-35,two_teams,2026-07-11T13:15:35.141374+08:00,2026-07-11T13:17:05.167617+08:00,2026-07-11T13:22:05.258771+08:00,390.117,70,152,6.209595,4.702516,4.845370,12.684989,11.111633,5.583343,13.335135,10.225559,12.406085,15.442250,13.140316,12.967572
2026-07-11,13-39-08,two_teams,2026-07-11T13:39:08.619659+08:00,2026-07-11T13:40:38.644559+08:00,2026-07-11T13:45:38.814429+08:00,390.195,7,0,4.068800,1.613991,4.317096,2.178933,7.019041,3.789037,15.097288,1.672142,1.383224,5.142304,0.572233,0.331835
2026-07-11,13-46-30,two_teams,2026-07-11T13:46:30.238509+08:00,2026-07-11T13:48:00.252005+08:00,2026-07-11T13:53:13.300833+08:00,403.062,79,4,7.764528,6.429800,7.183508,14.681121,8.423200,8.306686,10.073308,9.806813,12.227245,12.238169,10.542886,10.454114
2026-07-11,13-54-15,two_teams,2026-07-11T13:54:15.188882+08:00,2026-07-11T13:55:45.214727+08:00,2026-07-11T14:00:45.325463+08:00,390.137,141,57,13.907693,10.157515,16.109900,12.071502,23.785812,49.673323,7.779517,9.848248,9.664823,15.729475,31.533980,30.262102
2026-07-11,14-01-51,two_teams,2026-07-11T14:01:51.608361+08:00,2026-07-11T14:03:20.116311+08:00,2026-07-11T14:08:34.006878+08:00,402.399,81,90,6.408358,8.380508,9.986118,15.432359,12.255804,13.567614,12.519069,9.625570,11.575375,10.639679,12.463280,19.272696
2026-07-11,14-09-32,two_teams,2026-07-11T14:09:32.147909+08:00,2026-07-11T14:11:02.171006+08:00,2026-07-11T14:16:02.341333+08:00,390.193,333,55,6.686334,5.544167,3.644317,6.158528,8.391722,12.909202,5.673170,4.954025,4.630744,6.087238,4.640699,6.342063
2026-07-11,14-17-16,two_teams,2026-07-11T14:17:16.184029+08:00,2026-07-11T14:18:46.209096+08:00,2026-07-11T14:23:46.421979+08:00,390.238,30,4,15.374011,16.312313,21.693658,30.645198,4.439261,3.533909,8.663170,13.674601,13.470547,5.180751,8.697073,4.084907
2026-07-11,14-26-33,two_teams,2026-07-11T14:26:33.855447+08:00,2026-07-11T14:28:03.863338+08:00,2026-07-11T14:33:04.074647+08:00,390.219,88,32,13.134839,8.284031,7.504575,10.209241,3.857996,3.585629,5.558733,5.995388,7.338762,7.901396,8.820046,5.170827
2026-07-11,14-34-22,two_teams,2026-07-11T14:34:22.459722+08:00,2026-07-11T14:35:52.485034+08:00,2026-07-11T14:40:52.599838+08:00,390.140,53,37,13.634815,9.334728,14.445941,22.068943,3.682774,3.456672,5.871972,8.092033,7.522844,8.730236,13.146733,36.971256
2026-07-11,14-41-45,two_teams,2026-07-11T14:41:45.410642+08:00,2026-07-11T14:43:15.434818+08:00,2026-07-11T14:48:15.556183+08:00,390.146,5,0,5.324111,6.404677,4.333605,12.567851,7.834794,7.755895,4.864337,12.176399,10.669712,12.020385,8.408758,21.756421
2026-07-11,14-49-06,two_teams,2026-07-11T14:49:06.883379+08:00,2026-07-11T14:50:36.908293+08:00,2026-07-11T14:55:37.041021+08:00,390.158,13,61,2.467458,6.670541,17.755371,11.979752,6.396303,12.111354,8.431782,7.986745,6.464415,9.103389,6.776146,7.893182
2026-07-11,14-56-32,two_teams,2026-07-11T14:56:32.103281+08:00,2026-07-11T14:58:02.109760+08:00,2026-07-11T15:08:36.099082+08:00,723.996,39,22,5.445012,7.696465,10.786494,18.270814,8.616851,6.882847,5.643414,7.027449,7.861415,7.610218,5.467323,13.227087
2026-07-11,15-09-37,two_teams,2026-07-11T15:09:37.744426+08:00,2026-07-11T15:11:07.751211+08:00,2026-07-11T15:16:23.315084+08:00,405.571,26,0,18.066962,5.211320,13.959522,14.116133,32.454039,17.544999,16.083659,6.032437,10.762898,10.786019,7.396275,15.489569
2026-07-11,15-17-32,two_teams,2026-07-11T15:17:32.451505+08:00,2026-07-11T15:19:02.460197+08:00,2026-07-11T15:24:09.458278+08:00,397.007,16,0,7.165927,7.953399,10.045216,18.097651,18.298321,13.960015,12.051682,5.778524,13.724006,11.419219,6.768923,11.228065
2026-07-11,15-25-07,two_teams,2026-07-11T15:25:07.207897+08:00,2026-07-11T15:26:37.217327+08:00,2026-07-11T15:31:37.338111+08:00,390.130,41,53,5.011455,22.466970,15.470476,24.387601,13.554580,13.746138,16.790398,11.308220,15.956992,16.189843,23.459612,32.779343
2026-07-11,15-32-38,two_teams,2026-07-11T15:32:38.117794+08:00,2026-07-11T15:34:08.142896+08:00,2026-07-11T15:39:08.243398+08:00,390.126,53,22,14.256318,15.040046,14.160263,46.765084,26.978417,17.059460,5.737465,6.612445,12.874031,25.123272,8.030933,22.410997
2026-07-11,15-40-12,two_teams,2026-07-11T15:40:12.649409+08:00,2026-07-11T15:41:42.674644+08:00,2026-07-11T15:46:42.872218+08:00,390.223,81,180,8.177530,6.295598,14.617415,8.382847,27.782632,44.989023,25.554231,9.623882,9.451355,18.303311,10.356886,52.967953
2026-07-11,15-48-02,two_teams,2026-07-11T15:48:02.383560+08:00,2026-07-11T15:49:32.409343+08:00,2026-07-11T15:54:32.551033+08:00,390.167,18,270,8.813284,10.844460,7.695827,34.692967,10.430457,17.370376,14.643207,19.270101,31.352823,45.244462,19.835074,12.659914
2026-07-11,15-55-29,two_teams,2026-07-11T15:55:29.417137+08:00,2026-07-11T15:56:59.440805+08:00,2026-07-11T16:01:59.582808+08:00,390.166,45,0,5.532810,10.649588,23.011747,27.821311,19.593652,43.360406,15.834278,12.049654,49.279831,11.625028,12.237324,16.304902
2026-07-11,16-03-08,two_teams,2026-07-11T16:03:08.299423+08:00,2026-07-11T16:04:38.323387+08:00,2026-07-11T16:11:10.749612+08:00,482.450,134,7,8.057554,10.550079,12.897025,43.114861,11.323969,27.693216,13.257642,13.903256,13.975661,9.287608,12.027073,41.705394
2026-07-11,16-12-13,two_teams,2026-07-11T16:12:13.966738+08:00,2026-07-11T16:13:43.976032+08:00,2026-07-11T16:18:44.082296+08:00,390.116,47,181,7.524647,9.519301,22.606953,13.365778,31.878186,28.958240,9.764538,16.125669,18.399261,49.366415,29.883902,28.337817
2026-07-11,16-19-55,two_teams,2026-07-11T16:19:55.637289+08:00,2026-07-11T16:21:25.645601+08:00,2026-07-11T16:26:46.051538+08:00,410.414,68,67,5.018329,11.612297,15.463904,27.525878,10.232810,15.372304,7.866760,21.216407,19.857660,40.943757,57.651012,51.407013
2026-07-11,16-27-42,two_teams,2026-07-11T16:27:42.357064+08:00,2026-07-11T16:29:12.381339+08:00,2026-07-11T16:34:12.541390+08:00,390.184,112,78,19.710084,16.162155,20.362469,32.234731,20.337429,42.956406,10.437109,11.326089,10.874650,10.659900,13.694096,42.017281
2026-07-11,16-35-52,two_teams,2026-07-11T16:35:52.569851+08:00,2026-07-11T16:37:22.593916+08:00,2026-07-11T16:42:22.725737+08:00,390.156,0,125,10.306562,9.256755,12.486697,11.558196,16.713556,50.072528,14.224951,14.717579,21.200459,20.506051,7.966162,5.382560
2026-07-11,16-43-18,two_teams,2026-07-11T16:43:18.641154+08:00,2026-07-11T16:44:48.651720+08:00,2026-07-11T16:49:48.799842+08:00,390.159,102,207,7.333851,8.010598,3.819872,21.698866,26.714465,31.496361,4.322791,4.548695,14.009992,19.300057,13.834651,29.034265
2026-07-11,16-50-44,two_teams,2026-07-11T16:50:44.870492+08:00,2026-07-11T16:50:49.096176+08:00,2026-07-11T16:51:31.869656+08:00,46.999,59,12,1.381922,1.029347,0.484638,0.086616,0.058949,0.034376,2.003181,1.073725,2.660450,0.202691,0.077717,0.043684
2026-07-11,16-52-21,two_teams,2026-07-11T16:52:21.570525+08:00,2026-07-11T16:52:24.039661+08:00,2026-07-11T16:57:24.197958+08:00,302.627,160,147,4.249235,11.518744,15.688180,28.696178,35.404827,31.250389,11.080243,14.920990,28.685244,42.070909,24.247823,14.976941
2026-07-11,17-01-14,two_teams,2026-07-11T17:01:14.040251+08:00,2026-07-11T17:02:44.065635+08:00,2026-07-11T17:07:44.197439+08:00,390.157,67,127,9.623613,4.144453,9.746580,13.890643,7.502654,6.213467,5.066151,9.663408,11.096160,21.981149,11.139145,3.965726
2026-07-11,17-09-02,two_teams,2026-07-11T17:09:02.199061+08:00,2026-07-11T17:10:27.460299+08:00,2026-07-11T17:15:48.282159+08:00,406.083,85,199,11.248340,7.981687,10.566911,17.014859,21.091919,20.472917,12.120594,12.230328,31.866696,30.319696,9.292522,15.373653
2026-07-11,17-16-57,two_teams,2026-07-11T17:16:57.718237+08:00,2026-07-11T17:17:09.711825+08:00,2026-07-11T17:17:39.636766+08:00,41.919,47,7,0.052630,0.041015,0.039810,0.059418,0.059435,0.030762,0.046159,0.046111,0.045743,0.045496,0.060524,0.038178
2026-07-11,17-18-22,two_teams,2026-07-11T17:18:22.622480+08:00,2026-07-11T17:18:37.906727+08:00,2026-07-11T17:23:38.049031+08:00,315.427,75,12,10.045701,9.508466,9.612672,16.891660,16.825516,4.114388,6.847486,10.713074,17.886187,5.350549,11.529051,25.198527
2026-07-11,17-24-34,two_teams,2026-07-11T17:24:34.686214+08:00,2026-07-11T17:25:06.779048+08:00,2026-07-11T17:30:06.903702+08:00,332.217,65,143,6.535839,10.289936,10.274240,12.577697,18.683040,26.130261,10.745092,9.240266,8.259939,23.645458,19.123741,37.885927
2026-07-11,17-31-11,two_teams,2026-07-11T17:31:11.675934+08:00,2026-07-11T17:31:13.766367+08:00,2026-07-11T17:36:38.299572+08:00,326.624,279,176,9.550857,10.618583,16.703891,25.236176,9.484881,32.521419,9.969396,20.972062,17.789651,26.710356,12.735835,18.426245
2026-07-11,17-38-54,two_teams,2026-07-11T17:38:54.132909+08:00,2026-07-11T17:39:09.175508+08:00,2026-07-11T17:43:35.774583+08:00,281.642,12,0,3.439148,0.355592,0.325628,0.290609,0.294682,0.206378,6.784327,6.839620,6.030682,8.935404,6.138052,3.869145
2026-07-11,17-44-34,two_teams,2026-07-11T17:44:34.108343+08:00,2026-07-11T17:44:44.007641+08:00,2026-07-11T17:49:44.115999+08:00,310.008,166,139,13.282229,4.534062,13.827312,11.581008,9.126775,15.781125,10.354431,10.997506,9.174040,9.910390,14.540265,29.493337
2026-07-11,17-50-55,two_teams,2026-07-11T17:50:55.645289+08:00,2026-07-11T17:50:58.940759+08:00,2026-07-11T17:50:59.856645+08:00,4.211,0,0,0.008382,0.004719,0.004002,0.004610,0.017148,0.009586,0.004277,0.004578,0.004457,0.011050,0.013085,0.003592
2026-07-11,17-56-19,two_teams,2026-07-11T17:56:19.708329+08:00,2026-07-11T17:57:49.708382+08:00,2026-07-11T18:02:49.814340+08:00,390.106,82,0,5.129662,12.713198,13.817702,30.595612,8.329190,5.885190,5.209975,5.749216,5.914908,17.117986,10.737576,17.140885
2026-07-11,18-03-53,two_teams,2026-07-11T18:03:53.439272+08:00,2026-07-11T18:04:04.996202+08:00,2026-07-11T18:09:11.478837+08:00,318.040,286,50,7.210170,9.846056,19.254454,23.829323,6.377243,4.388367,8.625458,10.542544,10.070969,16.039968,16.489563,12.217509
2026-07-11,18-29-13,two_teams,2026-07-11T18:29:13.607151+08:00,2026-07-11T18:30:43.619524+08:00,2026-07-11T18:35:43.775703+08:00,390.169,10,0,9.952634,8.100113,15.172357,10.743059,10.327254,14.986382,9.643226,4.576796,3.174736,6.719214,6.835878,6.415599
2026-07-11,18-36-47,two_teams,2026-07-11T18:36:47.051176+08:00,2026-07-11T18:37:13.179111+08:00,2026-07-11T18:42:20.070297+08:00,333.019,239,95,7.133929,9.841326,17.927282,21.740070,3.655691,3.580667,4.573738,8.318983,8.016435,13.036170,6.804304,7.708929
2026-07-11,18-44-12,two_teams,2026-07-11T18:44:12.849676+08:00,2026-07-11T18:44:17.411026+08:00,2026-07-11T18:49:17.555960+08:00,304.706,48,0,5.696892,7.596907,8.447668,7.561363,3.761103,7.737428,4.275796,5.050641,6.117532,5.031648,3.775451,3.580083
2026-07-12,11-14-46,two_teams,2026-07-12T11:14:46.116899+08:00,2026-07-12T11:14:46.434328+08:00,2026-07-12T11:14:47.793435+08:00,1.677,0,0,0.002080,0.003578,0.011744,0.001782,0.019630,0.001143,0.001844,0.005559,0.029969,0.016475,0.017470,0.006361
2026-07-12,11-16-27,two_teams,2026-07-12T11:16:27.630931+08:00,2026-07-12T11:17:28.281623+08:00,2026-07-12T11:22:28.386738+08:00,360.756,10,9,3.978500,10.418154,10.591876,6.342752,10.851120,15.346993,0.357913,0.376542,0.361206,0.366413,0.431745,0.281522
2026-07-12,11-24-50,two_teams,2026-07-12T11:24:50.307754+08:00,2026-07-12T11:25:21.686454+08:00,2026-07-12T11:30:21.759793+08:00,331.452,146,6,14.921834,7.216593,4.098494,13.884172,3.745519,5.826194,9.146398,4.579376,7.202959,16.425745,8.279247,10.534226
2026-07-12,11-34-29,two_teams,2026-07-12T11:34:29.962350+08:00,2026-07-12T11:35:26.857903+08:00,2026-07-12T11:39:39.415680+08:00,309.453,18,10,7.183182,3.883372,4.284635,8.300148,10.027013,15.378669,4.823904,5.884397,8.533628,5.403569,7.148964,7.782206
2026-07-12,11-40-40,two_teams,2026-07-12T11:40:40.141396+08:00,2026-07-12T11:40:43.881467+08:00,2026-07-12T11:45:44.077115+08:00,303.936,91,67,10.092678,6.999050,12.952795,12.274047,10.152572,10.571724,6.637666,8.774629,7.554311,8.687123,11.601734,18.514575
2026-07-12,11-47-06,two_teams,2026-07-12T11:47:06.716757+08:00,2026-07-12T11:47:34.944190+08:00,2026-07-12T11:52:35.088053+08:00,328.371,126,105,9.136263,7.615220,10.620465,32.271470,9.838433,4.655872,10.703663,10.912212,11.649148,22.762273,14.788298,6.255243
2026-07-12,11-54-08,two_teams,2026-07-12T11:54:08.254599+08:00,2026-07-12T11:55:00.650837+08:00,2026-07-12T12:00:00.799394+08:00,352.545,108,4,4.256503,6.533047,2.865055,9.494156,5.678144,6.049982,4.982949,5.212602,13.347178,4.027638,3.660765,3.928554
2026-07-12,12-03-31,two_teams,2026-07-12T12:03:31.485482+08:00,2026-07-12T12:05:01.511205+08:00,2026-07-12T12:09:53.095201+08:00,381.610,59,0,7.016642,12.126132,17.708711,21.870158,4.728813,3.696822,6.749831,6.358344,3.997944,2.773169,11.437123,16.965639
2026-07-12,12-11-55,two_teams,2026-07-12T12:11:55.351910+08:00,2026-07-12T12:12:00.009831+08:00,2026-07-12T12:21:54.177158+08:00,598.825,92,0,8.694434,9.580170,21.534811,21.748782,3.975827,3.747647,8.359361,4.098536,5.377357,9.124547,12.013506,4.453014
2026-07-12,12-23-39,two_teams,2026-07-12T12:23:39.928643+08:00,2026-07-12T12:25:09.935966+08:00,2026-07-12T12:30:10.015747+08:00,390.087,49,50,4.316373,6.624000,10.655822,6.963054,10.751125,18.158555,6.718496,6.673384,3.592082,5.682818,5.971034,7.933940
2026-07-12,12-31-17,two_teams,2026-07-12T12:31:17.096230+08:00,2026-07-12T12:31:19.338631+08:00,2026-07-12T12:36:19.415767+08:00,302.320,115,72,10.036341,6.208072,9.368212,6.286647,12.001126,14.154609,8.094224,9.369236,6.616481,16.746346,11.978023,10.148723
2026-07-12,12-37-16,two_teams,2026-07-12T12:37:16.368485+08:00,2026-07-12T12:38:46.378706+08:00,2026-07-12T12:43:46.552523+08:00,390.184,50,114,11.114160,22.658340,17.197777,6.894658,12.713053,12.155893,10.241730,8.338253,6.787494,8.560685,7.871336,10.997921
2026-07-12,12-44-50,two_teams,2026-07-12T12:44:50.421603+08:00,2026-07-12T12:46:20.447230+08:00,2026-07-12T12:51:20.544086+08:00,390.122,98,71,4.486969,7.251883,6.556150,17.033535,3.691852,3.787434,5.493668,7.858265,4.391354,11.168445,10.103105,17.898430
2026-07-12,12-52-22,two_teams,2026-07-12T12:52:22.576063+08:00,2026-07-12T12:53:20.354151+08:00,2026-07-12T12:58:20.439325+08:00,357.863,98,31,6.621938,12.008041,10.526667,7.381480,14.900670,18.933739,5.687278,8.589879,6.666087,9.132135,10.220245,24.806782
2026-07-12,12-59-55,two_teams,2026-07-12T12:59:55.677777+08:00,2026-07-12T13:00:49.904770+08:00,2026-07-12T13:05:49.989434+08:00,354.312,67,357,9.928239,12.378145,15.987696,16.081114,18.608272,35.100183,5.794437,9.930327,13.288015,43.337531,8.250622,16.322165
2026-07-12,13-06-54,two_teams,2026-07-12T13:06:54.302059+08:00,2026-07-12T13:08:24.311763+08:00,2026-07-12T13:12:43.244106+08:00,348.942,12,40,4.090451,6.500626,3.184566,4.059217,6.629360,8.389056,5.994675,4.554194,3.569372,9.500345,7.782934,6.179755
2026-07-12,13-54-09,two_teams,2026-07-12T13:54:09.958063+08:00,2026-07-12T13:54:10.308096+08:00,2026-07-12T13:54:10.608098+08:00,0.650,0,0,0.001003,0.008455,0.008956,0.011835,0.012369,0.012237,0.000750,0.007516,0.007517,0.010169,0.010826,0.010559
2026-07-12,13-55-20,two_teams,2026-07-12T13:55:20.503356+08:00,2026-07-12T13:55:22.437268+08:00,2026-07-12T13:57:58.199420+08:00,157.696,5,11,0.185057,0.177174,0.176926,0.252722,0.207712,0.160990,0.171599,0.165986,0.155744,0.161152,0.199445,0.125633
2026-07-12,14-00-19,two_teams,2026-07-12T14:00:19.595381+08:00,2026-07-12T14:00:26.362696+08:00,2026-07-12T14:00:31.645400+08:00,12.050,0,0,0.008584,0.006005,0.006365,0.007164,0.006081,0.006216,0.012734,0.013760,0.013011,0.016021,0.015157,0.011072
2026-07-12,14-41-36,two_teams,2026-07-12T14:41:36.258479+08:00,2026-07-12T14:41:42.659401+08:00,2026-07-12T14:41:48.591331+08:00,12.333,0,0,0.018291,0.182577,0.245360,0.162156,0.118801,0.168363,0.011591,0.014022,0.019520,0.012688,0.027555,0.016447
2026-07-12,14-43-18,two_teams,2026-07-12T14:43:18.025933+08:00,2026-07-12T14:44:48.041768+08:00,2026-07-12T14:49:57.440953+08:00,399.415,21,0,10.362885,16.277219,12.505365,9.200645,9.907193,45.614624,6.779085,15.097077,13.249150,9.180201,10.476869,24.987957
2026-07-12,14-50-54,two_teams,2026-07-12T14:50:54.453131+08:00,2026-07-12T14:52:24.462468+08:00,2026-07-12T14:57:24.624049+08:00,390.171,14,30,6.040577,7.035138,16.298659,22.864780,17.871670,14.987741,8.686107,9.272115,6.274085,7.704760,21.895454,23.480337
2026-07-12,14-58-25,two_teams,2026-07-12T14:58:25.557223+08:00,2026-07-12T14:59:55.567014+08:00,2026-07-12T15:04:55.706779+08:00,390.150,14,116,6.249207,8.645253,12.322822,32.752571,26.140205,27.333633,10.933418,10.366673,15.144340,38.870266,9.580547,8.361461
2026-07-12,15-05-52,two_teams,2026-07-12T15:05:52.798191+08:00,2026-07-12T15:07:22.806947+08:00,2026-07-12T15:12:22.941279+08:00,390.143,16,142,4.317713,6.329692,13.067927,37.087259,22.325093,5.827236,6.500325,7.666876,9.428115,14.796249,10.269159,15.395662
2026-07-12,15-13-20,two_teams,2026-07-12T15:13:20.678618+08:00,2026-07-12T15:14:50.703498+08:00,2026-07-12T15:19:50.792918+08:00,390.114,33,105,7.968893,8.918339,15.256726,33.702065,13.254788,32.394481,8.131865,8.094981,8.151181,10.357401,11.716259,13.221545
2026-07-12,15-20-51,two_teams,2026-07-12T15:20:51.948252+08:00,2026-07-12T15:22:21.958418+08:00,2026-07-12T15:27:22.034471+08:00,390.086,14,45,6.932513,6.947023,9.503504,22.780549,9.902353,32.061906,4.899311,7.587837,5.369709,8.271886,35.483792,40.179477
2026-07-12,15-28-14,two_teams,2026-07-12T15:28:14.495904+08:00,2026-07-12T15:29:44.518215+08:00,2026-07-12T15:34:44.678498+08:00,390.183,88,149,14.387485,9.769170,8.925361,31.735613,43.788642,18.337634,9.931672,13.697038,9.274159,19.131900,29.864143,27.283810
2026-07-12,15-35-53,two_teams,2026-07-12T15:35:53.066280+08:00,2026-07-12T15:37:23.075234+08:00,2026-07-12T15:42:23.154963+08:00,390.089,24,86,11.085657,6.758045,3.265219,6.076493,9.123050,13.621401,12.001405,12.844872,14.340569,20.026149,18.099431,15.888872
2026-07-12,15-43-30,two_teams,2026-07-12T15:43:30.801277+08:00,2026-07-12T15:45:00.825819+08:00,2026-07-12T15:50:00.904108+08:00,390.103,20,0,13.753446,6.424434,5.989845,12.184846,12.073582,30.232579,13.611331,5.104303,25.720587,12.892586,24.481742,15.921709
2026-07-12,15-50-58,two_teams,2026-07-12T15:50:58.760245+08:00,2026-07-12T15:52:28.786302+08:00,2026-07-12T15:59:18.429770+08:00,499.670,49,75,14.903292,16.578781,12.881050,16.078280,19.356144,26.833883,9.103607,10.234202,12.456244,38.279776,27.668804,34.437776
2026-07-12,16-00-26,two_teams,2026-07-12T16:00:26.197403+08:00,2026-07-12T16:00:57.821797+08:00,2026-07-12T16:02:44.025012+08:00,137.828,18,0,1.328136,6.084529,1.138617,2.845253,3.360783,2.810044,4.333660,2.426704,1.117287,2.948423,4.828190,4.976627
